{"frames":{"New Piskel0.png":{"frame":{"x":0,"y":0,"w":1440,"h":1440},"rotated":false,"trimmed":false,"spriteSourceSize":{"x":0,"y":0,"w":1440,"h":1440},"sourceSize":{"w":1440,"h":1440}},"New Piskel1.png":{"frame":{"x":0,"y":1440,"w":1440,"h":1440},"rotated":false,"trimmed":false,"spriteSourceSize":{"x":0,"y":0,"w":1440,"h":1440},"sourceSize":{"w":1440,"h":1440}}},"meta":{"app":"https://github.com/piskelapp/piskel/","version":"1.0","image":"New Piskel.png","format":"RGBA8888","size":{"w":1440,"h":2880}}}